Workbook

Sheet Savdolar
A1: 1.618 LEGENDA — DEMO SAVDO JURNALI
A2: № | B2: Sana | C2: Vaqt | D2: Aktiv | E2: TF | F2: Yo'nalish | G2: Kirish | H2: SL | I2: TP | J2: Chiqish | K2: Natija (R) | L2: Risk $ | M2: Foyda $ | N2: Izoh | O2: Balans $ | P2: Cho'qqi $ | Q2: DD $ | R2: Zarar seriya
A3: =IF(B3="","",COUNT($B$3:B3)) | B3: 2026-09-08 | C3: 14:30 | D3: EURUSD | E3: M30 | F3: LONG | G3: 1.165 | H3: 1.162 | I3: 1.16985 | J3: 1.16985 | K3: =IF(OR(G3="",H3="",J3=""),"",IF(F3="LONG",(J3-G3)/(G3-H3),(G3-J3)/(H3-G3))) | L3: 20 | M3: =IF(OR(K3="",L3=""),"",K3*L3) | N3: toza TP, to'siq yo'q | O3: =IF(M3="","",IF(ROW()=3,M3,N(O2)+M3)) | P3: =IF(O3="","",IF(ROW()=3,MAX(0,O3),MAX(N(P2),O3))) | Q3: =IF(O3="","",P3-O3) | R3: =IF(K3="","",IF(K3<0,IF(ROW()=3,1,N(R2)+1),0))
A4: =IF(B4="","",COUNT($B$3:B4)) | K4: =IF(OR(G4="",H4="",J4=""),"",IF(F4="LONG",(J4-G4)/(G4-H4),(G4-J4)/(H4-G4))) | M4: =IF(OR(K4="",L4=""),"",K4*L4) | O4: =IF(M4="","",IF(ROW()=3,M4,N(O3)+M4)) | P4: =IF(O4="","",IF(ROW()=3,MAX(0,O4),MAX(N(P3),O4))) | Q4: =IF(O4="","",P4-O4) | R4: =IF(K4="","",IF(K4<0,IF(ROW()=3,1,N(R3)+1),0))
A5: =IF(B5="","",COUNT($B$3:B5)) | K5: =IF(OR(G5="",H5="",J5=""),"",IF(F5="LONG",(J5-G5)/(G5-H5),(G5-J5)/(H5-G5))) | M5: =IF(OR(K5="",L5=""),"",K5*L5) | O5: =IF(M5="","",IF(ROW()=3,M5,N(O4)+M5)) | P5: =IF(O5="","",IF(ROW()=3,MAX(0,O5),MAX(N(P4),O5))) | Q5: =IF(O5="","",P5-O5) | R5: =IF(K5="","",IF(K5<0,IF(ROW()=3,1,N(R4)+1),0))
A6: =IF(B6="","",COUNT($B$3:B6)) | K6: =IF(OR(G6="",H6="",J6=""),"",IF(F6="LONG",(J6-G6)/(G6-H6),(G6-J6)/(H6-G6))) | M6: =IF(OR(K6="",L6=""),"",K6*L6) | O6: =IF(M6="","",IF(ROW()=3,M6,N(O5)+M6)) | P6: =IF(O6="","",IF(ROW()=3,MAX(0,O6),MAX(N(P5),O6))) | Q6: =IF(O6="","",P6-O6) | R6: =IF(K6="","",IF(K6<0,IF(ROW()=3,1,N(R5)+1),0))
A7: =IF(B7="","",COUNT($B$3:B7)) | K7: =IF(OR(G7="",H7="",J7=""),"",IF(F7="LONG",(J7-G7)/(G7-H7),(G7-J7)/(H7-G7))) | M7: =IF(OR(K7="",L7=""),"",K7*L7) | O7: =IF(M7="","",IF(ROW()=3,M7,N(O6)+M7)) | P7: =IF(O7="","",IF(ROW()=3,MAX(0,O7),MAX(N(P6),O7))) | Q7: =IF(O7="","",P7-O7) | R7: =IF(K7="","",IF(K7<0,IF(ROW()=3,1,N(R6)+1),0))
A8: =IF(B8="","",COUNT($B$3:B8)) | K8: =IF(OR(G8="",H8="",J8=""),"",IF(F8="LONG",(J8-G8)/(G8-H8),(G8-J8)/(H8-G8))) | M8: =IF(OR(K8="",L8=""),"",K8*L8) | O8: =IF(M8="","",IF(ROW()=3,M8,N(O7)+M8)) | P8: =IF(O8="","",IF(ROW()=3,MAX(0,O8),MAX(N(P7),O8))) | Q8: =IF(O8="","",P8-O8) | R8: =IF(K8="","",IF(K8<0,IF(ROW()=3,1,N(R7)+1),0))
A9: =IF(B9="","",COUNT($B$3:B9)) | K9: =IF(OR(G9="",H9="",J9=""),"",IF(F9="LONG",(J9-G9)/(G9-H9),(G9-J9)/(H9-G9))) | M9: =IF(OR(K9="",L9=""),"",K9*L9) | O9: =IF(M9="","",IF(ROW()=3,M9,N(O8)+M9)) | P9: =IF(O9="","",IF(ROW()=3,MAX(0,O9),MAX(N(P8),O9))) | Q9: =IF(O9="","",P9-O9) | R9: =IF(K9="","",IF(K9<0,IF(ROW()=3,1,N(R8)+1),0))
A10: =IF(B10="","",COUNT($B$3:B10)) | K10: =IF(OR(G10="",H10="",J10=""),"",IF(F10="LONG",(J10-G10)/(G10-H10),(G10-J10)/(H10-G10))) | M10: =IF(OR(K10="",L10=""),"",K10*L10) | O10: =IF(M10="","",IF(ROW()=3,M10,N(O9)+M10)) | P10: =IF(O10="","",IF(ROW()=3,MAX(0,O10),MAX(N(P9),O10))) | Q10: =IF(O10="","",P10-O10) | R10: =IF(K10="","",IF(K10<0,IF(ROW()=3,1,N(R9)+1),0))
A11: =IF(B11="","",COUNT($B$3:B11)) | K11: =IF(OR(G11="",H11="",J11=""),"",IF(F11="LONG",(J11-G11)/(G11-H11),(G11-J11)/(H11-G11))) | M11: =IF(OR(K11="",L11=""),"",K11*L11) | O11: =IF(M11="","",IF(ROW()=3,M11,N(O10)+M11)) | P11: =IF(O11="","",IF(ROW()=3,MAX(0,O11),MAX(N(P10),O11))) | Q11: =IF(O11="","",P11-O11) | R11: =IF(K11="","",IF(K11<0,IF(ROW()=3,1,N(R10)+1),0))
A12: =IF(B12="","",COUNT($B$3:B12)) | K12: =IF(OR(G12="",H12="",J12=""),"",IF(F12="LONG",(J12-G12)/(G12-H12),(G12-J12)/(H12-G12))) | M12: =IF(OR(K12="",L12=""),"",K12*L12) | O12: =IF(M12="","",IF(ROW()=3,M12,N(O11)+M12)) | P12: =IF(O12="","",IF(ROW()=3,MAX(0,O12),MAX(N(P11),O12))) | Q12: =IF(O12="","",P12-O12) | R12: =IF(K12="","",IF(K12<0,IF(ROW()=3,1,N(R11)+1),0))
A13: =IF(B13="","",COUNT($B$3:B13)) | K13: =IF(OR(G13="",H13="",J13=""),"",IF(F13="LONG",(J13-G13)/(G13-H13),(G13-J13)/(H13-G13))) | M13: =IF(OR(K13="",L13=""),"",K13*L13) | O13: =IF(M13="","",IF(ROW()=3,M13,N(O12)+M13)) | P13: =IF(O13="","",IF(ROW()=3,MAX(0,O13),MAX(N(P12),O13))) | Q13: =IF(O13="","",P13-O13) | R13: =IF(K13="","",IF(K13<0,IF(ROW()=3,1,N(R12)+1),0))
A14: =IF(B14="","",COUNT($B$3:B14)) | K14: =IF(OR(G14="",H14="",J14=""),"",IF(F14="LONG",(J14-G14)/(G14-H14),(G14-J14)/(H14-G14))) | M14: =IF(OR(K14="",L14=""),"",K14*L14) | O14: =IF(M14="","",IF(ROW()=3,M14,N(O13)+M14)) | P14: =IF(O14="","",IF(ROW()=3,MAX(0,O14),MAX(N(P13),O14))) | Q14: =IF(O14="","",P14-O14) | R14: =IF(K14="","",IF(K14<0,IF(ROW()=3,1,N(R13)+1),0))
A15: =IF(B15="","",COUNT($B$3:B15)) | K15: =IF(OR(G15="",H15="",J15=""),"",IF(F15="LONG",(J15-G15)/(G15-H15),(G15-J15)/(H15-G15))) | M15: =IF(OR(K15="",L15=""),"",K15*L15) | O15: =IF(M15="","",IF(ROW()=3,M15,N(O14)+M15)) | P15: =IF(O15="","",IF(ROW()=3,MAX(0,O15),MAX(N(P14),O15))) | Q15: =IF(O15="","",P15-O15) | R15: =IF(K15="","",IF(K15<0,IF(ROW()=3,1,N(R14)+1),0))
... A122: =IF(B122="","",COUNT($B$3:B122)) | K122: =IF(OR(G122="",H122="",J122=""),"",IF(F122="LONG",(J122-G122)/(G122-H122),(G122-J122)/(H122-G122))) | M122: =IF(OR(K122="",L122=""),"",K122*L122) | O122: =IF(M122="","",IF(ROW()=3,M122,N(O121)+M122)) | P122: =IF(O122="","",IF(ROW()=3,MAX(0,O122),MAX(N(P121),O122))) | Q122: =IF(O122="","",P122-O122) | R122: =IF(K122="","",IF(K122<0,IF(ROW()=3,1,N(R121)+1),0))

Sheet Statistika
A1: AVTOMATIK STATISTIKA
A2: ASOSIY
A3: Jami savdo | B3: =COUNT(Savdolar!$K$3:$K$122) | D3: Yozilgan savdolar soni
A4: Yutuq | B4: =COUNTIF(Savdolar!$K$3:$K$122,">0")
A5: Zarar | B5: =COUNTIF(Savdolar!$K$3:$K$122,"<0")
A6: Breakeven | B6: =COUNTIF(Savdolar!$K$3:$K$122,"=0")
A7: Win rate | B7: =IF(B3=0,"",B4/B3) | D7: Backtest: 72.7%
A9: FOYDA
A10: Gross profit ($) | B10: =SUMIF(Savdolar!$K$3:$K$122,">0",Savdolar!$M$3:$M$122)
A11: Gross loss ($) | B11: =ABS(SUMIF(Savdolar!$K$3:$K$122,"<0",Savdolar!$M$3:$M$122))
A12: Net profit ($) | B12: =B10-B11
A13: Profit factor | B13: =IF(B11=0,"",B10/B11) | D13: Backtest: 4.51 | Mezon: >1.5
A15: R BO'YICHA
A16: Jami R | B16: =SUM(Savdolar!$K$3:$K$122)
A17: Expectancy (R) | B17: =IF(B3=0,"",B16/B3) | D17: Backtest: +0.683R | Mezon: >0.2
A18: O'rtacha yutuq (R) | B18: =IF(B4=0,"",SUMIF(Savdolar!$K$3:$K$122,">0")/B4)
A19: O'rtacha zarar (R) | B19: =IF(B5=0,"",ABS(SUMIF(Savdolar!$K$3:$K$122,"<0"))/B5)
A20: avg_win/avg_loss | B20: =IF(B19=0,"",B18/B19) | D20: Backtest: 1.31
A21: Break-even WR | B21: =IF(B20="","",1/(1+B20)) | D21: Shundan yuqori bo'lishi kerak
A23: RISK
A24: Eng uzun zarar seriya | B24: =IF(B3=0,"",MAX(Savdolar!$R$3:$R$122)) | D24: 8 ta bo'lsa TO'XTATING
A25: Max drawdown ($) | B25: =IF(B3=0,"",MAX(Savdolar!$Q$3:$Q$122)) | D25: Avtomatik hisoblanadi
A26: Max DD (% balansdan) | B26: =IF(OR(B25="",B25=0),"",B25/(B25+B12)) | D26: Mezon: <20%
A27: Recovery factor | B27: =IF(OR(B25="",B25=0),"",B12/B25) | D27: Net / MaxDD | Mezon: >2

Sheet Taqqoslash
A1: BACKTEST vs DEMO — QAROR MEZONLARI
A3: Ko'rsatkich | B3: Backtest | C3: Demo | D3: Holat | E3: Izoh
A4: Savdolar soni | B4: 33 | C4: =Statistika!B3 | D4: =IF(C4="","",IF(C4>=30,"OK","kutish")) | E4: 30 tadan kam bo'lsa xulosa erta
A5: Win rate | B5: 0.7273 | C5: =Statistika!B7 | D5: =IF(C5="","",IF(C5>=0.55,"OK","past")) | E5: CI: 57.5% - 87.9%
A6: Profit factor | B6: 4.506 | C6: =Statistika!B13 | D6: =IF(C6="","",IF(C6>=1.5,"OK","past")) | E6: Mezon: >1.5
A7: Expectancy (R) | B7: 0.683 | C7: =Statistika!B17 | D7: =IF(C7="","",IF(C7>=0.2,"OK","past")) | E7: Mezon: >0.2R
A8: avg_win/avg_loss | B8: 1.31 | C8: =Statistika!B20 | D8: =IF(C8="","",IF(C8>=1.0,"OK","past"))
A9: Max DD % | B9: 0.0461 | C9: =Statistika!B26 | D9: =IF(C9="","",IF(C9<=0.2,"OK","YUQORI")) | E9: Mezon: <20%
A10: Recovery factor | B10: 12 | C10: =Statistika!B27 | D10: =IF(C10="","",IF(C10>=2,"OK","past")) | E10: Mezon: >2
A12: QAROR QOIDALARI
A13: 30 savdodan keyin PF > 1.5 | B13: REAL PULGA O'TISH mumkin ($300-500, risk 2%)
A14: 30 savdodan keyin PF 1.0-1.5 | B14: DAVOM ETISH, yana 30 savdo kutish
A15: 30 savdodan keyin PF < 1.0 | B15: TO'XTATISH — backtest aldagan
A17: DARHOL TO'XTATISH SHARTLARI
A18: Real DD > 25% | B18: Backtest chegarasidan oshdi
A19: Ketma-ket 8 zarar | B19: WR 72% da ehtimoli 0.003% — model buzilgan
A20: 3 oy signal yo'q | B20: Bozor rejimi o'zgargan

Sheet Qo'llanma
A1: QANDAY ISHLATISH
A3: 1) HAR SAVDODAN KEYIN 'Savdolar' varag'iga yozing:
A4: Sana, Vaqt, Aktiv, TF, Yo'nalish (LONG/SHORT)
A5: Kirish narxi, SL, TP, Chiqish narxi
A6: Risk $ (masalan 2% dan $500 = $10)
A7: Izoh — nima bo'lgani (yangilik, spred kengaygan, to'siq bor edi...)
A9: 2) 'Natija (R)' va 'Foyda $' AVTOMATIK hisoblanadi — teginmang.
A10: Sariq katakchalar = siz kiritasiz
A11: Ko'k katakchalar = formula, o'zi hisoblaydi
A13: 3) 'Statistika' varag'i o'zi yangilanadi. Har hafta qarab turing.
A15: 4) 30 savdodan keyin 'Taqqoslash' varag'iga qarang.
A16: Hamma qator OK bo'lsa — real pulga o'tish mumkin.
... A29: Radar: OFF, Risk: 2%
